Kaist,NMggRxkAAAAJ,d5u7NnAAAAAJ,B88-xMEAAAAJ,XPZLx-8AAAAJ,cys-jlsAAAAJ,eG2NHUYAAAAJ,wnx_hpIAAAAJ,2JwY-mQAAAAJ,OmdAAwcAAAAJ,K5-A1fYAAAAJ,OugbO78AAAAJ,Sd5HZ54AAAAJ,hLVtE9cAAAAJ,nyHVoN0AAAAJ,pMT5lrwAAAAJ,B1guGw8AAAAJ,m3eDp7kAAAAJ,zsVfg6sAAAAJ,ANnlqOwAAAAJ,UfWyv8QAAAAJ,fNvliNgAAAAJ,2dDAbMgAAAAJ,ZfNxZ3sAAAAJ,YmypcdMAAAAJ,uSXESZIAAAAJ
Korea Advanced Institute of Science and Technology,BVTx4ScAAAAJ,YJtEMfcAAAAJ,u5CmBmYAAAAJ,fNvliNgAAAAJ,8lykx9YAAAAJ,jsJNh4UAAAAJ,FXQSEqQAAAAJ,HrbE3tkAAAAJ,wVDtZB0AAAAJ,gl00fMMAAAAJ,V4C62KYAAAAJ,x-2JIHoAAAAJ,nWMbv-8AAAAJ,Cp1X74oAAAAJ
Stanford University,GS0O1X0AAAAJ,rGh_JfoAAAAJ,kH6n_QEAAAAJ,DZn9uLkAAAAJ,Vv8UdowAAAAJ,T7B81_4AAAAJ,IGhTusIAAAAJ,-afJI14AAAAJ,lNmR2vAAAAAJ,QzqctJgAAAAJ,gm-1u-EAAAAJ,BECu7wYAAAAJ,23ZXZvEAAAAJ,hiGI9v0AAAAJ,suJByCwAAAAJ,cXOAfbcAAAAJ,zdKmnYwAAAAJ,K-isjagAAAAJ,TToRxrwAAAAJ,1zmDOdwAAAAJ,SQzKCuUAAAAJ,oPDVmsgAAAAJ,VOf45S0AAAAJ,R2FutAgAAAAJ
Cambridge,4SnSvG4AAAAJ,xzKiGHQAAAAJ,hPhDxHwAAAAJ,qnn3-gMAAAAJ,DvGBt1gAAAAJ,FtEyPbMAAAAJ,QJLSxzUAAAAJ,dyXLyuMAAAAJ
MIT,sbzP_yUAAAAJ,910z20QAAAAJ,5HX--AYAAAAJ,sjKhs9MAAAAJ,0zZnyMEAAAAJ,V7ZsMrMAAAAJ,U6qwtCcAAAAJ,B5QpZooAAAAJ,ki5wlPEAAAAJ
Yale,A7jAHBsAAAAJ,UfkEpp8AAAAJ,qlBUzekAAAAJ,elDD9BwAAAAJ,qG-oP7oAAAAJ,4cUhPwkAAAAJ,oJMHGr8AAAAJ,d6c3qt0AAAAJ,ycNJVd4AAAAJ,dt8_0JAAAAAJ,9y2BlxcAAAAJ,qPMJxq0AAAAJ,rB5w90MAAAAJ,o-ACNnMAAAAJ,EMwCfNgAAAAJ,dNHNpxoAAAAJ,ZDLN370AAAAJ,rNTIQXYAAAAJ,gS_iVaIAAAAJ,7gocomcAAAAJ,tbim33kAAAAJ,ds2UBMMAAAAJ
Georgia Institute of Technology,v1hVGqgAAAAJ,TQHCQroAAAAJ,rJe1704AAAAJ,Xl4E0CsAAAAJ,FsFPBBQAAAAJ,43QwJggAAAAJ,VIwtdckAAAAJ,RqkqRnUAAAAJ
Harvard University,NOXfz64AAAAJ,FKVoiw0AAAAJ,M2r9QhwAAAAJ,5sz_jBoAAAAJ,6NrF1LMAAAAJ,4Qy_72EAAAAJ,XzGQ0CgAAAAJ,yfeFFpIAAAAJ,IOud35IAAAAJ
ETH Zurich,Ez03cBcAAAAJ,gakJdgEAAAAJ,Hgvo60wAAAAJ,GkXqbmMAAAAJ,YYH0BjEAAAAJ,v_67QcIAAAAJ,XN49czEAAAAJ
EPFL,pCqnDsEAAAAJ,YQcU3NYAAAAJ,juy1z8cAAAAJ,-fKWGREAAAAJ,yFAxBXYAAAAJ,-xO1yXsAAAAJ,kD6kYUoAAAAJ,nKVDcQoAAAAJ
Oxford University,xs-rW_EAAAAJ,rrydyHwAAAAJ,l99dKkMAAAAJ,hQLefQ8AAAAJ,GiTsZcAAAAAJ,7cTfFPYAAAAJ,iTNcAakAAAAJ,fNRswecAAAAJ,p6zYP9YAAAAJ
Imperial College London,029kxK4AAAAJ,0e5zMO4AAAAJ,J0XbxuAAAAAJ,QKOH5iYAAAAJ,7S0VvvgAAAAJ,SUC6FUsAAAAJ,REMcj7IAAAAJ
NUS,bDeSSXMAAAAJ,sUh03wgAAAAJ,WYQMRJQAAAAJ,yoJqPIkAAAAJ,AHxJRpMAAAAJ,a49NVmkAAAAJ,q6ljRLoAAAAJ,EEIegd4AAAAJ,q8WDZ74AAAAJ,iQa80aMAAAAJ,MTX3nA8AAAAJ,46Dd4v4AAAAJ,RcD_dZcAAAAJ,5rSiIWEAAAAJ,Bm9BwEQAAAAJ
NTU,GfagTgEAAAAJ,vN96p48AAAAJ,7_zsjxYAAAAJ,Xk9oMnIAAAAJ,PEEpuNwAAAAJ,yNEgKz8AAAAJ,udR2CyAAAAAJ
Princeton,neDsfmYAAAAJ,sPLO8tUAAAAJ,tABK2woAAAAJ,G1Qpy6MAAAAJ,v8LMA7UAAAAJ,8iIEnnYAAAAJ,WCmrJoQAAAAJ,WsXull8AAAAJ,NCkkQAMAAAAJ,_JwpSkkAAAAJ
Cornell,Xwm6dk4AAAAJ,smkK3i8AAAAJ,4EX8wXIAAAAJ,6p9bIh8AAAAJ,x05pUHsAAAAJ,GelhQFsAAAAJ,_qwTN_AAAAAJ,rNp4SYsAAAAJ,1XGC4GsAAAAJ,yrWpvf0AAAAJ
Tshinghua,EmXEPScAAAAJ,4KkxjPkAAAAJ,RekkftIAAAAJ,axsP38wAAAAJ,qkcc0OYAAAAJ,i_zA1VsAAAAJ,SgNB-ioAAAAJ,PK8BtpwAAAAJ,q44q6B0AAAAJ,Ymxa2NkDPvoC,CotFJJsAAAAJ
